conta,data,valor_entrada,valor_saida,saldo_diario,saldo_diario_com_rendimento
Conta A,2022-07-01,"65.167,32","443,09","64.724,23","64.755,23"
Conta A,2022-07-02,"23.638,03","44.952,65","-21.314,62","43.500,45"
Conta A,2022-07-03,"87.169,54","41.029,60","46.139,94","89.712,64"
Conta A,2022-07-04,"28.262,93","21.789,17","6.473,76","96.263,73"
Conta A,2022-07-05,"20.676,55","23.768,03","-3.091,48","93.259,00"
Conta A,2022-07-06,"58.229,44","48.826,85","9.402,59","102.772,40"
Conta A,2022-07-07,"21.873,04","26.372,27","-4.499,23","98.346,50"
Conta A,2022-07-08,"52.420,21","17.918,51","34.501,70","132.925,85"
Conta A,2022-07-09,"3.933,34","6.615,63","-2.682,29","130.301,50"
Conta A,2022-07-10,"45.363,21","0,00","45.363,21","175.771,56"
Conta A,2022-07-11,"24.214,81","19.803,71","4.411,10","180.263,21"
Conta A,2022-07-12,"6.879,05","42.495,23","-35.616,18","144.744,42"
Conta A,2022-07-13,"2.804,97","48.963,70","-46.158,73","98.716,83"
Conta A,2022-07-14,"28.931,25","18.413,53","10.517,72","109.285,80"
Conta A,2022-07-15,"18.989,32","114,66","18.874,66","128.193,23"
Conta A,2022-07-16,"7.747,44","58.448,28","-50.700,84","77.581,73"
Conta A,2022-07-17,"12.242,77","40.665,45","-28.422,68","49.210,52"
Conta A,2022-07-18,"20.062,09","26.965,92","-6.903,83","42.331,75"
Conta A,2022-07-19,"42.765,58","10.241,47","32.524,11","74.916,03"
Conta A,2022-07-20,"12.457,83","21.591,86","-9.134,03","65.829,58"
Conta A,2022-07-21,"0,00","20.195,04","-20.195,04","45.653,64"
Conta A,2022-07-22,"14.487,03","96.631,76","-82.144,73","-36.472,91"
Conta A,2022-07-23,"53.890,81","31.990,04","21.900,77","-14.572,14"
Conta A,2022-07-24,"32.944,89","9.761,08","23.183,81","8.611,67"
Conta A,2022-07-25,"3.222,52","0,00","3.222,52","11.835,48"
Conta A,2022-07-26,"46.347,16","32.517,44","13.829,72","25.684,19"
Conta A,2022-07-27,"62.346,92","39.731,09","22.615,83","48.339,76"
Conta A,2022-07-28,"44.109,32","55.192,72","-11.083,40","37.305,55"
Conta A,2022-07-29,"12.535,83","21.812,35","-9.276,52","28.065,29"
Conta A,2022-07-30,"19.706,62","36.344,36","-16.637,74","11.451,37"
Conta A,2022-07-31,"69.014,27","28.375,87","40.638,40","52.145,30"
Conta A,2022-08-01,"36.561,57","40.135,24","-3.573,67","48.612,04"
Conta A,2022-08-02,"31.032,05","18.242,57","12.789,48","61.439,33"
Conta A,2022-08-03,"10.858,32","2.998,26","7.860,06","69.319,45"
Conta A,2022-08-04,"24.437,94","71.396,28","-46.958,34","22.429,85"
Conta A,2022-08-05,"0,00","3.635,94","-3.635,94","18.800,47"
Conta A,2022-08-06,"8.056,97","30.315,16","-22.258,19","-3.442,64"
Conta A,2022-08-07,"10.716,91","36.456,27","-25.739,36","-29.182,00"
Conta A,2022-08-08,"0,00","18.960,76","-18.960,76","-48.142,76"
Conta A,2022-08-09,"6.699,77","15.756,64","-9.056,87","-57.199,63"
Conta A,2022-08-10,"31.649,34","12.514,60","19.134,74","-38.064,89"
Conta A,2022-08-11,"15.915,85","12.967,15","2.948,70","-35.116,19"
Conta A,2022-08-12,"22.156,41","21.856,03","300,38","-34.815,81"
Conta A,2022-08-13,"23.798,96","57.849,54","-34.050,58","-68.866,39"
Conta A,2022-08-14,"33.090,74","54.201,42","-21.110,68","-89.977,07"
Conta A,2022-08-15,"25.235,47","10.188,60","15.046,87","-74.930,20"
Conta A,2022-08-16,"11.242,41","83.647,28","-72.404,87","-147.335,07"
Conta A,2022-08-17,"38.243,39","0,00","38.243,39","-109.091,68"
Conta A,2022-08-18,"75.247,91","29.039,77","46.208,14","-62.883,54"
Conta A,2022-08-19,"0,00","35.988,10","-35.988,10","-98.871,64"
Conta A,2022-08-20,"34.246,60","52.018,52","-17.771,92","-116.643,56"
Conta A,2022-08-21,"5.785,63","33.331,36","-27.545,73","-144.189,29"
Conta A,2022-08-22,"60.721,49","501,94","60.219,55","-83.969,74"
Conta A,2022-08-23,"6.767,28","90.480,48","-83.713,20","-167.682,94"
Conta A,2022-08-24,"43.261,70","31.023,57","12.238,13","-155.444,81"
Conta A,2022-08-25,"40.980,59","19.260,02","21.720,57","-133.724,24"
Conta A,2022-08-26,"30.353,19","13.051,01","17.302,18","-116.422,06"
Conta A,2022-08-27,"42.793,85","13.233,15","29.560,70","-86.861,36"
Conta A,2022-08-28,"72.561,29","17.241,47","55.319,82","-31.541,54"
Conta A,2022-08-29,"61.096,19","44.822,88","16.273,31","-15.268,23"
Conta A,2022-08-30,"19.849,69","0,00","19.849,69","4.581,46"
Conta A,2022-08-31,"9.727,43","37.158,16","-27.430,73","-22.848,59"
Conta A,2022-09-01,"1.592,25","14.710,15","-13.117,90","-35.966,49"
Conta A,2022-09-02,"15.658,33","31.361,49","-15.703,16","-51.669,65"
Conta A,2022-09-03,"15.105,80","23.453,24","-8.347,44","-60.017,09"
Conta A,2022-09-04,"36.479,60","0,00","36.479,60","-23.537,49"
Conta A,2022-09-05,"29.177,78","68.006,47","-38.828,69","-62.365,33"
Conta A,2022-09-06,"12.487,03","39.986,00","-27.498,97","-89.864,30"
Conta A,2022-09-07,"35.188,98","10.658,90","24.530,08","-65.334,22"
Conta A,2022-09-08,"0,00","35.666,44","-35.666,44","-101.000,66"
Conta A,2022-09-09,"32.579,65","32.097,15","482,50","-100.518,16"
Conta A,2022-09-10,"24.518,33","20.999,86","3.518,47","-96.999,69"
Conta A,2022-09-11,"34.872,86","50.110,06","-15.237,20","-112.236,89"
Conta A,2022-09-12,"53.728,49","45.439,63","8.288,86","-103.948,03"
Conta A,2022-09-13,"49.428,04","22.306,11","27.121,93","-76.826,10"
Conta A,2022-09-14,"24.958,59","29.181,92","-4.223,33","-81.049,43"
Conta A,2022-09-15,"0,00","17.829,34","-17.829,34","-98.878,77"
Conta A,2022-09-16,"11.579,95","65.748,19","-54.168,24","-153.047,01"
Conta A,2022-09-17,"19.275,17","30.488,03","-11.212,86","-164.259,87"
Conta A,2022-09-18,"40.943,39","8.864,51","32.078,88","-132.180,99"
Conta A,2022-09-19,"25.335,71","45.193,78","-19.858,07","-152.039,06"
Conta A,2022-09-20,"6.906,71","27.692,66","-20.785,95","-172.825,01"
Conta A,2022-09-21,"24.923,97","28.340,55","-3.416,58","-176.241,59"
Conta A,2022-09-22,"30.215,04","1.374,55","28.840,49","-147.401,10"
Conta A,2022-09-23,"19.227,65","29.017,88","-9.790,23","-157.191,33"
Conta A,2022-09-24,"8.317,08","24.192,65","-15.875,57","-173.066,90"
Conta A,2022-09-25,"14.657,00","49.032,37","-34.375,37","-207.442,27"
Conta A,2022-09-26,"38.643,57","6.848,23","31.795,34","-175.646,93"
Conta A,2022-09-27,"10.764,74","36.041,76","-25.277,02","-200.923,95"
Conta A,2022-09-28,"30.693,37","17.953,93","12.739,44","-188.184,51"
Conta A,2022-09-29,"634,07","37.409,36","-36.775,29","-224.959,80"
Conta A,2022-09-30,"29.285,11","331,69","28.953,42","-196.006,38"
Conta A,2022-10-01,"81.616,48","33.633,59","47.982,89","-148.023,49"
Conta A,2022-10-02,"51.892,44","24.932,25","26.960,19","-121.063,30"
Conta A,2022-10-03,"33.907,83","14.706,86","19.200,97","-101.862,33"
Conta A,2022-10-04,"11.407,78","17.725,55","-6.317,77","-108.180,10"
Conta A,2022-10-05,"53.960,97","9.637,47","44.323,50","-63.856,60"
Conta A,2022-10-06,"19.918,99","6.386,19","13.532,80","-50.323,80"
Conta A,2022-10-07,"24.509,68","11.003,11","13.506,57","-36.817,23"
Conta A,2022-10-08,"18.597,80","0,00","18.597,80","-18.219,43"
Conta A,2022-10-09,"62.735,15","17.187,32","45.547,83","27.331,54"
Conta A,2022-10-10,"63.155,08","10.616,10","52.538,98","79.939,52"
Conta A,2022-10-11,"37.151,45","0,00","37.151,45","117.131,53"
Conta A,2022-10-12,"26.519,99","11.611,78","14.908,21","132.113,88"
Conta A,2022-10-13,"31.555,45","2.213,72","29.341,73","161.556,97"
Conta A,2022-10-14,"17.011,10","20.492,34","-3.481,24","158.164,94"
Conta A,2022-10-15,"10.772,79","52.928,55","-42.155,76","116.149,26"
Conta A,2022-10-16,"3.869,33","15.912,41","-12.043,08","104.156,75"
Conta A,2022-10-17,"7.898,82","16.825,26","-8.926,44","95.302,21"
Conta A,2022-10-18,"11.550,63","5.130,42","6.420,21","101.780,65"
Conta A,2022-10-19,"21.097,03","41.149,68","-20.052,65","81.835,65"
Conta A,2022-10-20,"26.860,17","64.035,45","-37.175,28","44.726,08"
Conta A,2022-10-21,"11.622,80","28.482,08","-16.859,28","27.890,50"
Conta A,2022-10-22,"24.673,03","9.776,98","14.896,05","42.813,66"
Conta A,2022-10-23,"63.497,79","28.814,80","34.682,99","77.586,04"
Conta A,2022-10-24,"31.268,76","26.497,83","4.770,93","82.439,08"
Conta A,2022-10-25,"31.426,31","31.012,33","413,98","82.909,76"
Conta A,2022-10-26,"16.445,18","35.964,13","-19.518,95","63.433,10"
Conta A,2022-10-27,"18.980,05","31.056,19","-12.076,14","51.384,23"
Conta A,2022-10-28,"0,00","9.097,34","-9.097,34","42.294,60"
Conta A,2022-10-29,"25.029,19","45.439,79","-20.410,60","21.926,95"
Conta A,2022-10-30,"17.035,24","42.483,93","-25.448,69","-3.505,59"
Conta A,2022-10-31,"20.653,10","40.362,74","-19.709,64","-23.215,23"
Conta A,2022-11-01,"35.168,65","0,00","35.168,65","11.953,42"
Conta A,2022-11-02,"2.373,81","34.802,19","-32.428,38","-20.473,17"
Conta A,2022-11-03,"53.799,18","53.143,79","655,39","-19.817,78"
Conta A,2022-11-04,"16.973,71","23.032,05","-6.058,34","-25.876,12"
Conta A,2022-11-05,"16.972,88","46.153,18","-29.180,30","-55.056,42"
Conta A,2022-11-06,"15.221,39","2.630,30","12.591,09","-42.465,33"
Conta A,2022-11-07,"4.887,37","24.855,39","-19.968,02","-62.433,35"
Conta A,2022-11-08,"44.215,30","3.147,67","41.067,63","-21.365,72"
Conta A,2022-11-09,"33.239,31","37.351,60","-4.112,29","-25.478,01"
Conta A,2022-11-10,"33.849,74","25.898,07","7.951,67","-17.526,34"
Conta A,2022-11-11,"27.097,50","19.332,56","7.764,94","-9.761,21"
Conta A,2022-11-12,"39.106,45","20.977,28","18.129,17","8.379,74"
Conta A,2022-11-13,"25.430,73","61.948,47","-36.517,74","-28.136,74"
Conta A,2022-11-14,"18.332,07","48.640,79","-30.308,72","-58.445,46"
Conta A,2022-11-15,"28.007,88","59.797,72","-31.789,84","-90.235,30"
Conta A,2022-11-16,"24.803,41","35.110,55","-10.307,14","-100.542,44"
Conta A,2022-11-17,"25.123,27","47.073,15","-21.949,88","-122.492,32"
Conta A,2022-11-18,"23.820,40","13.866,19","9.954,21","-112.538,11"
Conta A,2022-11-19,"40.409,56","33.958,37","6.451,19","-106.086,92"
Conta A,2022-11-20,"8.822,39","17.508,24","-8.685,85","-114.772,77"
Conta A,2022-11-21,"13.757,34","10.387,34","3.370,00","-111.402,77"
Conta A,2022-11-22,"17.402,42","36.633,05","-19.230,63","-130.633,40"
Conta A,2022-11-23,"55.254,99","28.065,27","27.189,72","-103.443,68"
Conta A,2022-11-24,"26.946,65","56.678,74","-29.732,09","-133.175,77"
Conta A,2022-11-25,"60.694,64","235,00","60.459,64","-72.716,13"
Conta A,2022-11-26,"19.033,11","5.378,05","13.655,06","-59.061,07"
Conta A,2022-11-27,"23.598,72","46.631,49","-23.032,77","-82.093,84"
Conta A,2022-11-28,"23.925,78","11.036,05","12.889,73","-69.204,11"
Conta A,2022-11-29,"16.795,78","57.517,34","-40.721,56","-109.925,67"
Conta A,2022-11-30,"17.698,55","22.139,83","-4.441,28","-114.366,95"
Conta A,2022-12-01,"14.178,19","9.960,96","4.217,23","-110.149,72"
Conta A,2022-12-02,"12.519,00","13.957,94","-1.438,94","-111.588,66"
Conta A,2022-12-03,"67.094,87","25.720,19","41.374,68","-70.213,98"
Conta A,2022-12-04,"35.339,97","7.155,69","28.184,28","-42.029,70"
Conta A,2022-12-05,"11.968,48","25.655,89","-13.687,41","-55.717,11"
Conta A,2022-12-06,"32.071,08","16.289,58","15.781,50","-39.935,61"
Conta A,2022-12-07,"30.349,02","0,00","30.349,02","-9.586,59"
Conta A,2022-12-08,"37.544,97","45.029,00","-7.484,03","-17.067,06"
Conta A,2022-12-09,"25.409,30","59.612,56","-34.203,26","-51.270,32"
Conta A,2022-12-10,"46.988,60","11.387,40","35.601,20","-15.669,12"
Conta A,2022-12-11,"21.797,30","33.987,70","-12.190,40","-27.859,52"
Conta A,2022-12-12,"4.031,76","247,13","3.784,63","-24.074,89"
Conta A,2022-12-13,"62.217,75","24.292,91","37.924,84","13.857,71"
Conta A,2022-12-14,"63.656,24","49.925,31","13.730,93","27.639,53"
Conta A,2022-12-15,"3.655,15","0,00","3.655,15","31.303,42"
Conta A,2022-12-16,"0,00","38.995,86","-38.995,86","-7.683,83"
Conta A,2022-12-17,"43.701,00","34.745,37","8.955,63","1.271,80"
Conta A,2022-12-18,"56.880,33","86.507,47","-29.627,14","-28.355,15"
Conta A,2022-12-19,"23.557,40","12.303,31","11.254,09","-17.101,06"
Conta A,2022-12-20,"11.894,76","53.364,43","-41.469,67","-58.570,73"
Conta A,2022-12-21,"41.290,90","6.135,50","35.155,40","-23.415,33"
Conta A,2022-12-22,"26.593,58","4.009,94","22.583,64","-831,69"
Conta A,2022-12-23,"14.084,86","23.646,41","-9.561,55","-10.393,24"
Conta A,2022-12-24,"18.750,09","39.518,52","-20.768,43","-31.161,67"
Conta A,2022-12-25,"32.727,26","72.991,34","-40.264,08","-71.425,75"
Conta A,2022-12-26,"36.786,39","24.202,02","12.584,37","-58.841,38"
Conta A,2022-12-27,"40.640,42","10.131,89","30.508,53","-28.332,85"
Conta A,2022-12-28,"25.017,69","45.501,58","-20.483,89","-48.816,74"
Conta A,2022-12-29,"0,00","49.893,79","-49.893,79","-98.710,53"
Conta A,2022-12-30,"8.523,19","39.252,95","-30.729,76","-129.440,29"
Conta A,2022-12-31,"18.389,62","2.722,45","15.667,17","-113.773,12"
Conta B,2022-07-01,"22.252,32","13.928,96","8.323,36","8.328,71"
Conta B,2022-07-02,"7.171,58","11.333,87","-4.162,29","4.167,92"
Conta B,2022-07-03,"20.515,53","22.591,14","-2.075,61","2.097,59"
Conta B,2022-07-04,"49.076,05","31.245,38","17.830,67","19.939,35"
Conta B,2022-07-05,"0,00","35.553,04","-35.553,04","-15.610,47"
Conta B,2022-07-06,"0,00","70.568,75","-70.568,75","-86.179,22"
Conta B,2022-07-07,"47.843,65","60.997,13","-13.153,48","-99.332,70"
Conta B,2022-07-08,"40.210,21","10.500,27","29.709,94","-69.622,76"
Conta B,2022-07-09,"13.617,75","56.202,82","-42.585,07","-112.207,83"
Conta B,2022-07-10,"15.870,32","27.242,45","-11.372,13","-123.579,96"
Conta B,2022-07-11,"12.792,37","25.063,62","-12.271,25","-135.851,21"
Conta B,2022-07-12,"19.311,59","23.085,06","-3.773,47","-139.624,68"
Conta B,2022-07-13,"0,00","71.810,63","-71.810,63","-211.435,31"
Conta B,2022-07-14,"20.825,88","3.901,65","16.924,23","-194.511,08"
Conta B,2022-07-15,"33.762,49","37.485,46","-3.722,97","-198.234,05"
Conta B,2022-07-16,"39.108,39","36.115,34","2.993,05","-195.241,00"
Conta B,2022-07-17,"32.632,86","46.991,01","-14.358,15","-209.599,15"
Conta B,2022-07-18,"14.688,63","22.472,46","-7.783,83","-217.382,98"
Conta B,2022-07-19,"46.489,31","35.407,81","11.081,50","-206.301,48"
Conta B,2022-07-20,"39.262,65","12.587,35","26.675,30","-179.626,18"
Conta B,2022-07-21,"24.440,36","31.382,04","-6.941,68","-186.567,86"
Conta B,2022-07-22,"30.273,31","85.053,41","-54.780,10","-241.347,96"
Conta B,2022-07-23,"41.599,15","32.217,92","9.381,23","-231.966,73"
Conta B,2022-07-24,"37.873,00","32.618,23","5.254,77","-226.711,96"
Conta B,2022-07-25,"18.135,76","17.981,18","154,58","-226.557,38"
Conta B,2022-07-26,"56.263,36","17.253,55","39.009,81","-187.547,57"
Conta B,2022-07-27,"60.392,20","43.217,48","17.174,72","-170.372,85"
Conta B,2022-07-28,"18.644,65","61.603,53","-42.958,88","-213.331,73"
Conta B,2022-07-29,"31.909,09","0,00","31.909,09","-181.422,64"
Conta B,2022-07-30,"11.775,85","0,00","11.775,85","-169.646,79"
Conta B,2022-07-31,"51.344,57","15.137,96","36.206,61","-133.440,18"
Conta B,2022-08-01,"62.550,84","35.588,30","26.962,54","-106.477,64"
Conta B,2022-08-02,"37.185,38","30.908,63","6.276,75","-100.200,89"
Conta B,2022-08-03,"29.989,26","28.486,75","1.502,51","-98.698,38"
Conta B,2022-08-04,"11.345,55","0,00","11.345,55","-87.352,83"
Conta B,2022-08-05,"15.515,75","39.021,58","-23.505,83","-110.858,66"
Conta B,2022-08-06,"45.903,61","28.328,31","17.575,30","-93.283,36"
Conta B,2022-08-07,"61.343,37","33.008,14","28.335,23","-64.948,13"
Conta B,2022-08-08,"16.414,58","26.683,13","-10.268,55","-75.216,68"
Conta B,2022-08-09,"11.596,67","77.099,51","-65.502,84","-140.719,52"
Conta B,2022-08-10,"16.378,83","20.048,49","-3.669,66","-144.389,18"
Conta B,2022-08-11,"24.387,86","0,00","24.387,86","-120.001,32"
Conta B,2022-08-12,"50.039,62","75.735,01","-25.695,39","-145.696,71"
Conta B,2022-08-13,"0,00","25.539,90","-25.539,90","-171.236,61"
Conta B,2022-08-14,"0,00","42.937,50","-42.937,50","-214.174,11"
Conta B,2022-08-15,"71.298,15","19.404,31","51.893,84","-162.280,27"
Conta B,2022-08-16,"14.138,03","13.187,24","950,79","-161.329,48"
Conta B,2022-08-17,"8.869,75","25.376,87","-16.507,12","-177.836,60"
Conta B,2022-08-18,"16.465,33","27.619,04","-11.153,71","-188.990,31"
Conta B,2022-08-19,"43.018,79","10.537,37","32.481,42","-156.508,89"
Conta B,2022-08-20,"32.701,83","0,00","32.701,83","-123.807,06"
Conta B,2022-08-21,"8.294,34","0,00","8.294,34","-115.512,72"
Conta B,2022-08-22,"13.533,46","26.595,28","-13.061,82","-128.574,54"
Conta B,2022-08-23,"45.056,18","29.635,42","15.420,76","-113.153,78"
Conta B,2022-08-24,"64.352,74","16.887,72","47.465,02","-65.688,76"
Conta B,2022-08-25,"18.349,75","19.518,32","-1.168,57","-66.857,33"
Conta B,2022-08-26,"45.431,30","15.673,03","29.758,27","-37.099,06"
Conta B,2022-08-27,"41.598,48","17.682,02","23.916,46","-13.182,60"
Conta B,2022-08-28,"915,21","19.094,88","-18.179,67","-31.362,27"
Conta B,2022-08-29,"27.162,68","22.354,44","4.808,24","-26.554,03"
Conta B,2022-08-30,"19.112,18","24.887,06","-5.774,88","-32.328,91"
Conta B,2022-08-31,"13.462,88","18.227,77","-4.764,89","-37.093,80"
Conta B,2022-09-01,"77.014,96","44.081,89","32.933,07","-4.159,43"
Conta B,2022-09-02,"42.123,94","18.433,92","23.690,02","19.538,81"
Conta B,2022-09-03,"30.244,79","15.030,54","15.214,25","34.778,95"
Conta B,2022-09-04,"22.085,13","25.220,96","-3.135,83","31.662,44"
Conta B,2022-09-05,"26.802,24","23.609,48","3.192,76","34.880,31"
Conta B,2022-09-06,"18.993,34","12.543,78","6.449,56","41.350,53"
Conta B,2022-09-07,"21.153,32","17.035,64","4.117,68","45.498,25"
Conta B,2022-09-08,"10.622,72","29.991,41","-19.368,69","26.157,89"
Conta B,2022-09-09,"14.609,97","48.036,20","-33.426,23","-7.256,16"
Conta B,2022-09-10,"19.932,92","12.472,88","7.460,04","207,26"
Conta B,2022-09-11,"44.931,10","66.770,65","-21.839,55","-21.622,61"
Conta B,2022-09-12,"54.614,26","17.909,90","36.704,36","15.081,75"
Conta B,2022-09-13,"17.335,65","13.982,71","3.352,94","18.437,12"
Conta B,2022-09-14,"40.172,33","41.629,02","-1.456,69","17.001,09"
Conta B,2022-09-15,"33.790,13","33.456,98","333,15","17.367,23"
Conta B,2022-09-16,"26.371,85","31.987,58","-5.615,73","11.757,33"
Conta B,2022-09-17,"8.891,37","19.087,27","-10.195,90","1.563,25"
Conta B,2022-09-18,"26.644,39","25.139,84","1.504,55","3.075,66"
Conta B,2022-09-19,"27.303,89","52.588,63","-25.284,74","-22.208,61"
Conta B,2022-09-20,"28.907,61","23.692,02","5.215,59","-16.992,99"
Conta B,2022-09-21,"15.798,42","34.648,75","-18.850,33","-35.843,32"
Conta B,2022-09-22,"23.766,09","24.839,79","-1.073,70","-36.917,02"
Conta B,2022-09-23,"37.309,07","41.128,10","-3.819,03","-40.736,05"
Conta B,2022-09-24,"27.265,26","14.527,44","12.737,82","-27.998,23"
Conta B,2022-09-25,"16.145,23","8.939,01","7.206,22","-20.792,01"
Conta B,2022-09-26,"10.552,78","6.538,05","4.014,73","-16.777,28"
Conta B,2022-09-27,"32.618,48","10.288,98","22.329,50","5.552,57"
Conta B,2022-09-28,"22.761,78","30.967,55","-8.205,77","-2.650,81"
Conta B,2022-09-29,"45.290,38","41.188,91","4.101,47","1.457,21"
Conta B,2022-09-30,"589,45","38.280,62","-37.691,17","-36.233,74"
Conta B,2022-10-01,"12.650,85","28.645,52","-15.994,67","-52.228,41"
Conta B,2022-10-02,"13.590,35","0,00","13.590,35","-38.638,06"
Conta B,2022-10-03,"56.271,81","24.609,05","31.662,76","-6.975,30"
Conta B,2022-10-04,"29.000,13","32.190,16","-3.190,03","-10.161,15"
Conta B,2022-10-05,"27.435,84","1.572,61","25.863,23","15.705,06"
Conta B,2022-10-06,"44.410,49","46.258,40","-1.847,91","13.881,40"
Conta B,2022-10-07,"42.389,56","0,00","42.389,56","56.283,10"
Conta B,2022-10-08,"41.459,90","61.040,06","-19.580,16","36.742,58"
Conta B,2022-10-09,"25.665,38","9.245,87","16.419,51","53.200,04"
Conta B,2022-10-10,"48.538,87","52.373,60","-3.834,73","49.432,50"
Conta B,2022-10-11,"69.081,43","28.094,23","40.987,20","90.507,15"
Conta B,2022-10-12,"35.854,22","2.853,84","33.000,38","123.588,58"
Conta B,2022-10-13,"50.664,04","0,00","50.664,04","174.341,71"
Conta B,2022-10-14,"32.347,66","45.255,78","-12.908,12","161.584,56"
Conta B,2022-10-15,"51.700,10","23.046,01","28.654,09","190.364,13"
Conta B,2022-10-16,"17.450,72","30.300,84","-12.850,12","177.617,75"
Conta B,2022-10-17,"29.596,09","22.015,00","7.581,09","185.355,13"
Conta B,2022-10-18,"15.818,24","23.733,84","-7.915,60","177.608,78"
Conta B,2022-10-19,"27.016,40","41.358,92","-14.342,52","163.404,51"
Conta B,2022-10-20,"12.061,06","32.813,04","-20.751,98","142.789,02"
Conta B,2022-10-21,"0,00","31.526,53","-31.526,53","111.303,02"
Conta B,2022-10-22,"29.500,24","59.940,17","-30.439,93","80.974,07"
Conta B,2022-10-23,"11.093,89","31.473,28","-20.379,39","60.661,71"
Conta B,2022-10-24,"40.802,31","50.371,77","-9.569,46","51.148,16"
Conta B,2022-10-25,"23.881,20","0,00","23.881,20","75.053,92"
Conta B,2022-10-26,"15.892,77","1.736,75","14.156,02","89.243,51"
Conta B,2022-10-27,"41.385,93","29.888,46","11.497,47","100.811,24"
Conta B,2022-10-28,"24.417,23","16.977,87","7.439,36","108.319,46"
Conta B,2022-10-29,"2.966,14","39.967,08","-37.000,94","71.378,32"
Conta B,2022-10-30,"36.086,16","0,00","36.086,16","107.500,68"
Conta B,2022-10-31,"21.415,57","6.076,41","15.339,16","122.903,07"
Conta B,2022-11-01,"30.772,48","14.700,52","16.071,96","139.100,30"
Conta B,2022-11-02,"31.574,27","23.205,90","8.368,37","147.561,16"
Conta B,2022-11-03,"21.041,86","20.113,07","928,79","148.610,18"
Conta B,2022-11-04,"19.588,26","49.834,73","-30.246,47","118.535,90"
Conta B,2022-11-05,"36.591,16","23.280,96","13.310,20","131.940,88"
Conta B,2022-11-06,"22.406,43","11.119,13","11.287,30","143.306,42"
Conta B,2022-11-07,"0,00","37.735,75","-37.735,75","105.610,93"
Conta B,2022-11-08,"55.909,60","0,00","55.909,60","161.592,66"
Conta B,2022-11-09,"25.217,98","44.936,74","-19.718,76","142.000,20"
Conta B,2022-11-10,"19.687,66","0,00","19.687,66","161.732,84"
Conta B,2022-11-11,"17.710,19","39.802,48","-22.092,29","139.843,97"
Conta B,2022-11-12,"68.184,24","41.316,46","26.867,78","166.923,89"
Conta B,2022-11-13,"33.167,58","10.052,92","23.114,66","190.167,00"
Conta B,2022-11-14,"18.059,61","23.158,15","-5.098,54","185.218,48"
Conta B,2022-11-15,"39.367,37","11.988,79","27.378,58","212.720,56"
Conta B,2022-11-16,"68.241,93","13.467,83","54.774,10","267.698,27"
Conta B,2022-11-17,"28.706,64","47.839,69","-19.133,05","248.817,47"
Conta B,2022-11-18,"14.820,20","19.690,20","-4.870,00","244.019,17"
Conta B,2022-11-19,"30.768,34","0,00","30.768,34","274.938,72"
Conta B,2022-11-20,"17.392,72","32.750,93","-15.358,21","259.778,85"
Conta B,2022-11-21,"0,00","29.377,26","-29.377,26","230.476,65"
Conta B,2022-11-22,"0,00","50.662,39","-50.662,39","179.970,79"
Conta B,2022-11-23,"19.361,50","32.146,73","-12.785,23","167.288,04"
Conta B,2022-11-24,"76.657,66","36.118,90","40.538,76","208.070,53"
Conta B,2022-11-25,"55.709,48","29.531,23","26.178,25","234.517,04"
Conta B,2022-11-26,"56.063,24","48.822,84","7.240,40","242.118,61"
Conta B,2022-11-27,"0,00","47.279,84","-47.279,84","194.972,71"
Conta B,2022-11-28,"41.831,40","29.459,89","12.371,51","207.569,08"
Conta B,2022-11-29,"57.298,11","4.459,93","52.838,18","260.575,31"
Conta B,2022-11-30,"53.183,46","33.255,25","19.928,21","280.741,41"
Conta B,2022-12-01,"15.420,71","0,00","15.420,71","296.204,23"
Conta B,2022-12-02,"41.527,36","0,00","41.527,36","337.870,47"
Conta B,2022-12-03,"31.756,77","27.377,49","4.379,28","342.499,22"
Conta B,2022-12-04,"49.621,50","5.069,35","44.552,15","387.436,44"
Conta B,2022-12-05,"14.636,94","9.068,01","5.568,93","393.357,04"
Conta B,2022-12-06,"29.318,97","4.283,12","25.035,85","418.639,52"
Conta B,2022-12-07,"8.725,19","16.352,95","-7.627,76","411.255,99"
Conta B,2022-12-08,"33.946,73","21.518,50","12.428,23","423.994,94"
Conta B,2022-12-09,"39.212,33","32.070,05","7.142,28","431.723,51"
Conta B,2022-12-10,"31.026,92","38.521,77","-7.494,85","424.735,14"
Conta B,2022-12-11,"2.735,49","23.603,11","-20.867,62","404.057,15"
Conta B,2022-12-12,"56.983,62","33.712,17","23.271,45","427.877,42"
Conta B,2022-12-13,"32.417,03","42.177,27","-9.760,24","418.437,78"
Conta B,2022-12-14,"14.277,83","21.634,66","-7.356,83","411.399,91"
Conta B,2022-12-15,"18.288,60","1.617,51","16.671,09","428.258,47"
Conta B,2022-12-16,"4.771,56","39.514,35","-34.742,79","393.891,86"
Conta B,2022-12-17,"28.804,80","16.522,69","12.282,11","406.357,59"
Conta B,2022-12-18,"31.925,09","24.967,10","6.957,99","413.817,81"
Conta B,2022-12-19,"38.201,16","66.636,50","-28.435,34","385.846,24"
Conta B,2022-12-20,"3.904,19","3.778,06","126,13","386.087,57"
Conta B,2022-12-21,"32.332,04","57.919,66","-25.587,62","360.903,69"
Conta B,2022-12-22,"34.159,92","7.305,85","26.854,07","388.040,87"
Conta B,2022-12-23,"40.082,60","40.658,47","-575,87","387.932,79"
Conta B,2022-12-24,"11.307,49","15.992,53","-4.685,04","383.417,64"
Conta B,2022-12-25,"21.310,73","24.165,16","-2.854,43","380.798,76"
Conta B,2022-12-26,"63.091,57","12.235,59","50.855,98","432.018,71"
Conta B,2022-12-27,"18.603,55","15.407,71","3.195,84","435.410,18"
Conta B,2022-12-28,"18.649,03","24.585,89","-5.936,86","429.737,47"
Conta B,2022-12-29,"12.675,83","53.019,18","-40.343,35","389.753,20"
Conta B,2022-12-30,"31.780,39","22.535,48","9.244,91","399.290,88"
Conta B,2022-12-31,"85.261,06","17.432,87","67.828,19","467.633,82"
Conta C,2022-07-01,"33.178,67","22.233,17","10.945,50","10.948,62"
Conta C,2022-07-02,"12.905,20","82.650,97","-69.745,77","-58.794,94"
Conta C,2022-07-03,"68.871,29","27.071,35","41.799,94","-16.995,00"
Conta C,2022-07-04,"63.760,30","25.486,18","38.274,12","21.285,87"
Conta C,2022-07-05,"0,00","9.484,85","-9.484,85","11.806,43"
Conta C,2022-07-06,"20.385,30","1.082,18","19.303,12","31.118,58"
Conta C,2022-07-07,"0,00","39.245,78","-39.245,78","-8.120,59"
Conta C,2022-07-08,"34.572,46","8.187,17","26.385,29","18.265,72"
Conta C,2022-07-09,"0,00","6.638,59","-6.638,59","11.632,33"
Conta C,2022-07-10,"15.397,60","15.039,57","358,03","12.002,24"
Conta C,2022-07-11,"37.146,69","36.153,41","993,28","13.002,71"
Conta C,2022-07-12,"31.372,29","43.441,86","-12.069,57","939,38"
Conta C,2022-07-13,"5.125,87","0,00","5.125,87","6.065,39"
Conta C,2022-07-14,"24.906,88","33.391,26","-8.484,38","-2.405,24"
Conta C,2022-07-15,"26.200,33","13.053,51","13.146,82","10.744,56"
Conta C,2022-07-16,"7.018,14","36.789,79","-29.771,65","-19.025,48"
Conta C,2022-07-17,"5.228,71","70.674,98","-65.446,27","-84.471,75"
Conta C,2022-07-18,"39.400,83","19.964,13","19.436,70","-65.035,05"
Conta C,2022-07-19,"16.658,48","43.154,68","-26.496,20","-91.531,25"
Conta C,2022-07-20,"18.243,47","19.096,43","-852,96","-92.384,21"
Conta C,2022-07-21,"27.479,02","10.761,16","16.717,86","-75.666,35"
Conta C,2022-07-22,"22.581,71","5.374,60","17.207,11","-58.459,24"
Conta C,2022-07-23,"46.194,71","0,00","46.194,71","-12.264,53"
Conta C,2022-07-24,"49.380,15","19.953,10","29.427,05","17.165,44"
Conta C,2022-07-25,"16.006,46","31.702,17","-15.695,71","1.478,99"
Conta C,2022-07-26,"53.825,84","17.159,80","36.666,04","38.161,58"
Conta C,2022-07-27,"23.263,44","23.058,15","205,29","38.389,75"
Conta C,2022-07-28,"25.191,24","44.363,54","-19.172,30","19.251,42"
Conta C,2022-07-29,"31.518,21","20.961,76","10.556,45","29.824,86"
Conta C,2022-07-30,"40.721,70","7.106,59","33.615,11","63.470,77"
Conta C,2022-07-31,"55.046,74","14.651,33","40.395,41","103.939,72"
Conta C,2022-08-01,"70.181,38","118.430,57","-48.249,19","55.880,94"
Conta C,2022-08-02,"17.984,84","7.323,24","10.661,60","66.570,04"
Conta C,2022-08-03,"39.419,61","23.335,28","16.084,33","82.704,99"
Conta C,2022-08-04,"18.631,59","19.975,13","-1.343,54","81.407,42"
Conta C,2022-08-05,"24.128,31","32.421,08","-8.292,77","73.152,54"
Conta C,2022-08-06,"13.395,68","17.769,57","-4.373,89","68.806,75"
Conta C,2022-08-07,"45.731,19","20.833,64","24.897,55","93.787,32"
Conta C,2022-08-08,"45.147,89","34.251,35","10.896,54","104.791,25"
Conta C,2022-08-09,"5.810,14","19.475,96","-13.665,82","91.168,72"
Conta C,2022-08-10,"20.352,82","22.287,26","-1.934,44","89.283,04"
Conta C,2022-08-11,"29.835,42","17.217,67","12.617,75","101.958,64"
Conta C,2022-08-12,"8.756,40","17.246,96","-8.490,56","93.496,09"
Conta C,2022-08-13,"0,00","28.235,57","-28.235,57","65.323,51"
Conta C,2022-08-14,"18.694,40","9.669,63","9.024,77","74.366,43"
Conta C,2022-08-15,"81.539,32","46.162,44","35.376,88","109.908,59"
Conta C,2022-08-16,"30.087,06","8.728,46","21.358,60","131.315,77"
Conta C,2022-08-17,"9.696,58","22.661,51","-12.964,93","118.427,29"
Conta C,2022-08-18,"59.500,08","38.423,72","21.076,36","139.695,25"
Conta C,2022-08-19,"27.542,41","26.025,05","1.517,36","141.304,97"
Conta C,2022-08-20,"64.025,48","55.722,80","8.302,68","149.826,16"
Conta C,2022-08-21,"48.508,42","17.106,71","31.401,71","181.395,15"
Conta C,2022-08-22,"59.743,01","35.150,88","24.592,13","206.214,24"
Conta C,2022-08-23,"26.455,98","17.697,85","8.758,13","215.165,91"
Conta C,2022-08-24,"29.116,34","15.863,88","13.252,46","228.581,11"
Conta C,2022-08-25,"10.873,48","36.591,43","-25.717,95","202.993,69"
Conta C,2022-08-26,"21.531,75","41.047,97","-19.516,22","183.686,02"
Conta C,2022-08-27,"2.112,70","6.150,57","-4.037,87","179.785,26"
Conta C,2022-08-28,"20.430,02","30.068,43","-9.638,41","170.309,74"
Conta C,2022-08-29,"15.726,09","26.482,26","-10.756,17","159.632,59"
Conta C,2022-08-30,"40.876,47","30.427,45","10.449,02","170.227,13"
Conta C,2022-08-31,"66.069,19","47.485,83","18.583,36","189.031,70"
Conta C,2022-09-01,"35.897,46","20.097,48","15.799,98","205.027,54"
Conta C,2022-09-03,"38.178,87","40.457,90","-2.279,03","202.978,13"
Conta C,2022-09-04,"50.158,46","70.901,37","-20.742,91","182.587,49"
Conta C,2022-09-05,"0,00","27.053,53","-27.053,53","155.665,72"
Conta C,2022-09-06,"37.710,49","28.407,77","9.302,72","165.167,75"
Conta C,2022-09-07,"13.166,45","27.803,09","-14.636,64","150.653,58"
Conta C,2022-09-08,"39.521,86","7.753,48","31.768,38","182.542,74"
Conta C,2022-09-09,"87.249,26","68.788,81","18.460,45","201.347,22"
Conta C,2022-09-10,"52.932,86","0,00","52.932,86","254.412,07"
Conta C,2022-09-11,"9.573,49","10.245,32","-671,83","253.818,00"
Conta C,2022-09-12,"16.339,69","0,00","16.339,69","270.195,77"
Conta C,2022-09-13,"26.425,74","20.384,67","6.041,07","276.392,67"
Conta C,2022-09-14,"0,00","71.614,95","-71.614,95","205.003,71"
Conta C,2022-09-15,"29.956,05","45.914,78","-15.958,73","189.347,06"
Conta C,2022-09-16,"56.547,61","26.944,14","29.603,47","219.192,45"
Conta C,2022-09-17,"17.036,11","10.352,71","6.683,40","225.979,37"
Conta C,2022-09-18,"0,00","31.659,53","-31.659,53","194.418,05"
Conta C,2022-09-19,"22.898,83","6.198,41","16.700,42","211.264,65"
Conta C,2022-09-20,"47.779,41","13.161,29","34.618,12","246.155,19"
Conta C,2022-09-21,"35.895,97","0,00","35.895,97","282.166,70"
Conta C,2022-09-22,"34.959,81","22.473,48","12.486,33","294.917,59"
Conta C,2022-09-23,"23.730,49","39.606,56","-15.876,07","279.313,70"
Conta C,2022-09-24,"16.793,93","88.498,11","-71.704,18","207.963,43"
Conta C,2022-09-25,"17.229,18","9.122,67","8.106,51","216.134,91"
Conta C,2022-09-26,"78.041,39","28.176,39","49.865,00","266.353,92"
Conta C,2022-09-27,"19.267,95","31.626,04","-12.358,09","254.184,53"
Conta C,2022-09-28,"23.721,78","28.381,10","-4.659,32","249.716,11"
Conta C,2022-09-29,"17.098,28","0,00","17.098,28","266.851,85"
Conta C,2022-09-30,"12.018,04","19.590,37","-7.572,33","259.443,57"
Conta C,2022-10-01,"16.021,39","62.953,85","-46.932,46","212.790,88"
Conta C,2022-10-02,"8.264,88","64.625,95","-56.361,07","156.627,88"
Conta C,2022-10-03,"6.835,69","40.241,02","-33.405,33","123.303,60"
Conta C,2022-10-04,"20.615,99","38.010,21","-17.394,22","106.028,89"
Conta C,2022-10-05,"24.208,99","54.157,46","-29.948,47","76.175,83"
Conta C,2022-10-06,"34.078,69","49.400,95","-15.322,26","60.994,26"
Conta C,2022-10-07,"18.653,23","62.580,29","-43.927,06","17.130,96"
Conta C,2022-10-08,"39.904,57","11.509,99","28.394,58","45.543,48"
Conta C,2022-10-09,"33.282,70","81.085,51","-47.802,81","-2.194,77"
Conta C,2022-10-10,"10.507,12","11.943,53","-1.436,41","-3.630,93"
Conta C,2022-10-11,"16.278,83","29.996,60","-13.717,77","-17.346,80"
Conta C,2022-10-12,"0,00","17.275,44","-17.275,44","-34.622,24"
Conta C,2022-10-13,"41.808,11","0,00","41.808,11","7.185,87"
Conta C,2022-10-14,"0,00","77.003,18","-77.003,18","-69.816,23"
Conta C,2022-10-15,"26.651,51","14.794,96","11.856,55","-57.959,68"
Conta C,2022-10-16,"20.707,84","20.968,29","-260,45","-58.220,13"
Conta C,2022-10-17,"14.207,21","62.029,12","-47.821,91","-106.042,04"
Conta C,2022-10-18,"34.556,75","17.512,20","17.044,55","-88.997,49"
Conta C,2022-10-19,"43.532,97","16.956,60","26.576,37","-62.421,12"
Conta C,2022-10-20,"11.946,77","5.334,70","6.612,07","-55.809,05"
Conta C,2022-10-21,"0,00","23.123,67","-23.123,67","-78.932,72"
Conta C,2022-10-22,"41.285,88","26.039,17","15.246,71","-63.686,01"
Conta C,2022-10-23,"28.272,24","8.594,65","19.677,59","-44.008,42"
Conta C,2022-10-24,"0,00","24.728,85","-24.728,85","-68.737,27"
Conta C,2022-10-25,"24.553,34","15.699,37","8.853,97","-59.883,30"
Conta C,2022-10-26,"1.091,85","38.188,36","-37.096,51","-96.979,81"
Conta C,2022-10-27,"14.749,49","20.439,04","-5.689,55","-102.669,36"
Conta C,2022-10-28,"42.291,66","11.458,05","30.833,61","-71.835,75"
Conta C,2022-10-29,"27.258,46","21.159,27","6.099,19","-65.736,56"
Conta C,2022-10-30,"28.842,18","15.751,39","13.090,79","-52.645,77"
Conta C,2022-10-31,"43.938,29","32.380,06","11.558,23","-41.087,54"
Conta C,2022-11-01,"6.648,12","28.038,18","-21.390,06","-62.477,60"
Conta C,2022-11-02,"19.849,75","3.443,69","16.406,06","-46.071,54"
Conta C,2022-11-03,"38.931,52","31.333,37","7.598,15","-38.473,39"
Conta C,2022-11-04,"55.291,19","38.663,32","16.627,87","-21.845,52"
Conta C,2022-11-05,"36.504,54","32.924,52","3.580,02","-18.265,50"
Conta C,2022-11-06,"24.530,24","21.078,82","3.451,42","-14.814,08"
Conta C,2022-11-07,"25.509,76","22.968,92","2.540,84","-12.273,24"
Conta C,2022-11-08,"4.790,00","17.757,99","-12.967,99","-25.241,23"
Conta C,2022-11-09,"47.981,13","39.938,34","8.042,79","-17.198,44"
Conta C,2022-11-10,"53.453,92","44.439,28","9.014,64","-8.183,80"
Conta C,2022-11-11,"6.727,86","30.611,41","-23.883,55","-32.067,35"
Conta C,2022-11-12,"31.787,97","22.149,71","9.638,26","-22.429,09"
Conta C,2022-11-13,"40.767,80","0,00","40.767,80","18.340,18"
Conta C,2022-11-14,"30.645,22","18.488,53","12.156,69","30.514,49"
Conta C,2022-11-15,"30.067,96","21.533,39","8.534,57","39.081,80"
Conta C,2022-11-16,"33.669,13","23.891,58","9.777,55","48.898,67"
Conta C,2022-11-17,"60.250,11","23.902,29","36.347,82","85.307,60"
Conta C,2022-11-18,"12.677,82","0,00","12.677,82","97.998,21"
Conta C,2022-11-19,"22.485,59","31.835,39","-9.349,80","88.704,15"
Conta C,2022-11-20,"17.252,03","44.504,18","-27.252,15","61.510,67"
Conta C,2022-11-21,"0,00","10.656,73","-10.656,73","50.863,17"
Conta C,2022-11-22,"39.396,23","58.802,12","-19.405,89","31.542,87"
Conta C,2022-11-23,"22.717,08","31.308,31","-8.591,23","22.968,27"
Conta C,2022-11-24,"17.516,23","6.314,96","11.201,27","34.179,06"
Conta C,2022-11-25,"39.521,00","0,00","39.521,00","73.726,44"
Conta C,2022-11-26,"26.432,74","22.737,52","3.695,22","77.470,65"
Conta C,2022-11-27,"8.394,29","4.801,48","3.592,81","81.124,75"
Conta C,2022-11-28,"42.771,56","473,67","42.297,89","123.491,53"
Conta C,2022-11-29,"26.593,71","45.519,84","-18.926,13","104.682,16"
Conta C,2022-11-30,"16.946,66","30.587,42","-13.640,76","91.108,85"
Conta C,2022-12-02,"14.359,19","41.856,24","-27.497,05","63.686,05"
Conta C,2022-12-03,"21.371,07","10.425,07","10.946,00","74.680,90"
Conta C,2022-12-04,"50.341,32","52.901,91","-2.560,59","72.248,93"
Conta C,2022-12-05,"53.215,07","18.070,33","35.144,74","107.457,33"
Conta C,2022-12-06,"41.548,42","39.577,25","1.971,17","109.525,23"
Conta C,2022-12-07,"4.634,44","66.416,82","-61.782,38","47.823,31"
Conta C,2022-12-08,"18.433,15","4.049,98","14.383,17","62.228,40"
Conta C,2022-12-09,"51.396,91","37.304,00","14.092,91","76.408,25"
Conta C,2022-12-10,"9.910,26","26.719,53","-16.809,27","59.649,82"
Conta C,2022-12-11,"22.079,47","55.814,12","-33.734,65","25.979,85"
Conta C,2022-12-12,"23.115,97","13.836,63","9.279,34","35.275,27"
Conta C,2022-12-13,"25.067,10","42.112,38","-17.045,28","18.260,09"
Conta C,2022-12-14,"12.736,49","76.704,12","-63.967,63","-45.702,15"
Conta C,2022-12-15,"53.373,73","50.211,45","3.162,28","-42.539,87"
Conta C,2022-12-16,"36.108,51","11.937,08","24.171,43","-18.368,44"
Conta C,2022-12-17,"7.169,46","15.089,63","-7.920,17","-26.288,61"
Conta C,2022-12-18,"24.516,96","36.794,25","-12.277,29","-38.565,90"
Conta C,2022-12-19,"25.834,31","14.626,77","11.207,54","-27.358,36"
Conta C,2022-12-20,"35.754,66","47.391,04","-11.636,38","-38.994,74"
Conta C,2022-12-21,"9.560,57","13.214,02","-3.653,45","-42.648,19"
Conta C,2022-12-22,"34.543,76","65.258,28","-30.714,52","-73.362,71"
Conta C,2022-12-23,"8.389,74","21.113,01","-12.723,27","-86.085,98"
Conta C,2022-12-24,"9.539,48","17.959,38","-8.419,90","-94.505,88"
Conta C,2022-12-25,"51.356,67","41.280,36","10.076,31","-84.429,57"
Conta C,2022-12-26,"9.504,03","21.700,29","-12.196,26","-96.625,83"
Conta C,2022-12-27,"33.424,37","10.140,96","23.283,41","-73.342,42"
Conta C,2022-12-28,"52.467,58","43.028,16","9.439,42","-63.903,00"
Conta C,2022-12-29,"11.579,16","0,00","11.579,16","-52.323,84"
Conta C,2022-12-30,"31.707,85","35.044,60","-3.336,75","-55.660,59"
Conta C,2022-12-31,"13.937,90","22.817,94","-8.880,04","-64.540,63"
Conta E,2022-07-01,"7.640,42","30.588,67","-22.948,25","-22.948,25"
Conta E,2022-07-02,"45.362,87","8.836,49","36.526,38","13.586,32"
Conta E,2022-07-03,"8.883,17","16.407,31","-7.524,14","6.064,22"
Conta E,2022-07-04,"38.576,32","50.496,57","-11.920,25","-5.840,40"
Conta E,2022-07-05,"23.360,06","37.749,55","-14.389,49","-20.227,18"
Conta E,2022-07-06,"24.200,21","18.143,40","6.056,81","-14.170,37"
Conta E,2022-07-07,"70.836,33","7.011,76","63.824,57","49.672,51"
Conta E,2022-07-08,"32.574,42","14.422,39","18.152,03","67.882,47"
Conta E,2022-07-09,"2.645,00","13.361,37","-10.716,37","57.186,86"
Conta E,2022-07-10,"33.609,88","0,00","33.609,88","90.847,97"
Conta E,2022-07-11,"18.465,88","11.969,41","6.496,47","97.383,80"
Conta E,2022-07-12,"9.802,59","47.892,25","-38.089,66","59.408,40"
Conta E,2022-07-13,"0,00","36.328,80","-36.328,80","23.101,58"
Conta E,2022-07-14,"99.970,31","21.180,13","78.790,18","101.988,63"
Conta E,2022-07-15,"2.134,99","70.445,78","-68.310,79","33.735,36"
Conta E,2022-07-16,"54.578,54","73.912,42","-19.333,88","14.472,94"
Conta E,2022-07-17,"58.896,86","0,00","58.896,86","73.397,32"
Conta E,2022-07-18,"53.839,38","25.960,75","27.878,63","101.377,99"
Conta E,2022-07-19,"2.004,50","39.203,76","-37.199,26","64.234,57"
Conta E,2022-07-20,"0,00","45.695,81","-45.695,81","18.573,35"
Conta E,2022-07-21,"12.116,22","2.678,10","9.438,12","28.021,15"
Conta E,2022-07-22,"42.362,72","33.402,69","8.960,03","37.002,04"
Conta E,2022-07-23,"28.711,79","21.323,06","7.388,73","44.448,60"
Conta E,2022-07-24,"3.860,93","30.331,91","-26.470,98","17.994,16"
Conta E,2022-07-25,"38.288,64","30.962,39","7.326,25","25.333,92"
Conta E,2022-07-26,"28.178,61","44.102,97","-15.924,36","9.428,39"
Conta E,2022-07-27,"37.609,29","0,00","37.609,29","47.045,45"
Conta E,2022-07-28,"294,97","56.564,43","-56.269,46","-9.201,24"
Conta E,2022-07-29,"53.580,10","15.510,95","38.069,15","28.881,43"
Conta E,2022-07-30,"33.239,65","8.916,59","24.323,06","53.224,52"
Conta E,2022-07-31,"13.769,30","11.068,38","2.700,92","55.952,38"
Conta E,2022-08-01,"20.053,97","1.910,48","18.143,49","74.121,21"
Conta E,2022-08-02,"6.014,71","22.903,90","-16.889,19","57.278,90"
Conta E,2022-08-03,"7.048,31","23.085,28","-16.036,97","41.271,85"
Conta E,2022-08-04,"44.410,33","41.650,83","2.759,50","44.081,91"
Conta E,2022-08-05,"37.208,67","22.131,25","15.077,42","59.198,08"
Conta E,2022-08-06,"18.081,44","792,25","17.289,19","76.504,91"
Conta E,2022-08-07,"10.239,74","31.780,58","-21.540,84","55.028,32"
Conta E,2022-08-08,"36.264,66","23.864,89","12.399,77","67.493,21"
Conta E,2022-08-09,"12.333,12","30.711,90","-18.378,78","49.153,12"
Conta E,2022-08-10,"55.603,68","39.371,66","16.232,02","65.437,51"
Conta E,2022-08-11,"36.772,00","10.049,27","26.722,73","92.202,89"
Conta E,2022-08-12,"13.146,13","35.610,82","-22.464,69","69.799,23"
Conta E,2022-08-13,"20.511,66","32.631,92","-12.120,26","57.711,11"
Conta E,2022-08-14,"13.503,49","1.530,92","11.972,57","69.710,19"
Conta E,2022-08-15,"3.003,08","23.116,60","-20.113,52","49.638,42"
Conta E,2022-08-16,"9.943,22","67.665,23","-57.722,01","-8.054,04"
Conta E,2022-08-17,"8.486,68","28.826,16","-20.339,48","-28.393,45"
Conta E,2022-08-18,"26.242,38","35.817,33","-9.574,95","-37.968,40"
Conta E,2022-08-19,"33.785,37","31.113,23","2.672,14","-35.296,26"
Conta E,2022-08-20,"9.030,26","14.945,21","-5.914,95","-41.211,21"
Conta E,2022-08-21,"27.836,44","4.793,36","23.043,08","-18.168,13"
Conta E,2022-08-22,"67.366,87","62.965,29","4.401,58","-13.765,16"
Conta E,2022-08-23,"30.907,10","14.378,87","16.528,23","2.763,07"
Conta E,2022-08-24,"134.883,79","3.953,56","130.930,23","133.805,21"
Conta E,2022-08-25,"2.986,61","0,00","2.986,61","136.811,89"
Conta E,2022-08-26,"13.437,27","4.277,12","9.160,15","146.035,35"
Conta E,2022-08-27,"1.336,98","30.382,54","-29.045,56","117.053,45"
Conta E,2022-08-28,"9.525,32","32.193,39","-22.668,07","94.443,50"
Conta E,2022-08-29,"59.500,83","18.363,01","41.137,82","135.686,42"
Conta E,2022-08-30,"5.470,06","36.787,01","-31.316,95","104.469,32"
Conta E,2022-08-31,"20.459,69","21.949,30","-1.489,61","103.041,84"
Conta E,2022-09-01,"18.781,58","29.791,20","-11.009,62","92.113,81"
Conta E,2022-09-02,"93.149,51","7.373,23","85.776,28","178.074,26"
Conta E,2022-09-03,"26.380,77","16.250,84","10.129,93","188.281,39"
Conta E,2022-09-04,"24.370,62","27.206,06","-2.835,44","185.587,06"
Conta E,2022-09-05,"33.004,33","66.444,05","-33.439,72","152.314,59"
Conta E,2022-09-06,"70.377,47","13.247,69","57.129,78","209.675,54"
Conta E,2022-09-07,"25.881,11","28.363,87","-2.482,76","207.320,94"
Conta E,2022-09-08,"5.019,81","25.229,87","-20.210,06","187.226,99"
Conta E,2022-09-09,"58.686,17","495,68","58.190,49","245.632,45"
Conta E,2022-09-10,"33.411,27","20.241,96","13.169,31","259.065,85"
Conta E,2022-09-11,"27.914,65","34.490,87","-6.576,22","252.671,55"
Conta E,2022-09-12,"56.395,58","28.523,14","27.872,44","280.820,86"
Conta E,2022-09-13,"3.322,06","38.896,77","-35.574,71","245.447,70"
Conta E,2022-09-14,"163,22","6.253,82","-6.090,60","239.466,43"
Conta E,2022-09-15,"30.443,70","16.236,00","14.207,70","253.893,07"
Conta E,2022-09-16,"12.194,94","9.115,95","3.078,99","257.050,07"
Conta E,2022-09-17,"1.575,57","50.648,66","-49.073,09","208.190,78"
Conta E,2022-09-18,"9.828,62","7.258,75","2.569,87","210.856,97"
Conta E,2022-09-19,"14.451,62","49.078,77","-34.627,15","176.413,01"
Conta E,2022-09-20,"0,00","40.521,25","-40.521,25","135.963,56"
Conta E,2022-09-21,"10.627,12","40.281,67","-29.654,55","106.381,08"
Conta E,2022-09-22,"11.018,86","42.436,99","-31.418,13","75.039,16"
Conta E,2022-09-23,"22.548,30","27.180,15","-4.631,85","70.523,02"
Conta E,2022-09-24,"0,00","19.473,99","-19.473,99","51.059,61"
Conta E,2022-09-25,"0,00","14.435,09","-14.435,09","36.632,18"
Conta E,2022-09-26,"29.941,64","31.302,62","-1.360,98","35.305,54"
Conta E,2022-09-27,"27.643,03","33.136,95","-5.493,92","29.839,63"
Conta E,2022-09-28,"5.520,57","63.455,70","-57.935,13","-28.088,10"
Conta E,2022-09-29,"22.949,05","0,00","22.949,05","-5.139,05"
Conta E,2022-09-30,"22.969,58","18.957,62","4.011,96","-1.125,74"
Conta E,2022-10-01,"50.490,20","17.063,78","33.426,42","32.326,39"
Conta E,2022-10-02,"24.953,96","32.431,23","-7.477,27","24.876,42"
Conta E,2022-10-03,"19.676,26","25.964,23","-6.287,97","18.615,80"
Conta E,2022-10-04,"0,00","27.610,02","-27.610,02","-8.991,43"
Conta E,2022-10-05,"24.781,81","28.065,08","-3.283,27","-12.274,42"
Conta E,2022-10-07,"11.236,43","959,59","10.276,84","-1.997,58"
Conta E,2022-10-08,"41.039,65","29.799,97","11.239,68","9.245,47"
Conta E,2022-10-09,"0,00","17.494,03","-17.494,03","-8.247,18"
Conta E,2022-10-10,"51.348,85","6.667,59","44.681,26","36.448,54"
Conta E,2022-10-11,"15.410,28","6.146,83","9.263,45","45.730,89"
Conta E,2022-10-12,"55.514,88","36.847,58","18.667,30","64.455,51"
Conta E,2022-10-13,"29.344,42","10.791,83","18.552,59","83.043,21"
Conta E,2022-10-14,"15.424,45","15.235,44","189,01","83.265,46"
Conta E,2022-10-15,"31.392,33","16.321,81","15.070,52","98.388,80"
Conta E,2022-10-16,"41.677,41","71.652,93","-29.975,52","68.521,76"
Conta E,2022-10-17,"9.189,54","21.071,85","-11.882,31","56.671,01"
Conta E,2022-10-18,"26.492,03","4.400,48","22.091,55","78.803,46"
Conta E,2022-10-19,"11.782,26","56.190,90","-44.408,64","34.452,88"
Conta E,2022-10-20,"8.896,99","14.248,28","-5.351,29","29.109,79"
Conta E,2022-10-21,"8.827,67","80.233,17","-71.405,50","-42.275,18"
Conta E,2022-10-22,"31.205,53","33.614,12","-2.408,59","-44.683,77"
Conta E,2022-10-23,"22.451,88","77.316,81","-54.864,93","-99.548,70"
Conta E,2022-10-24,"61.742,04","39.010,03","22.732,01","-76.816,69"
Conta E,2022-10-25,"12.076,72","13.976,94","-1.900,22","-78.716,91"
Conta E,2022-10-26,"32.565,37","0,00","32.565,37","-46.151,54"
Conta E,2022-10-27,"30.360,87","47.002,09","-16.641,22","-62.792,76"
Conta E,2022-10-28,"9.659,88","23.093,59","-13.433,71","-76.226,47"
Conta E,2022-10-29,"14.123,28","0,00","14.123,28","-62.103,19"
Conta E,2022-10-30,"13.925,43","65.016,84","-51.091,41","-113.194,60"
Conta E,2022-10-31,"57.556,81","18.091,37","39.465,44","-73.729,16"
Conta E,2022-11-01,"3.287,68","44.859,88","-41.572,20","-115.301,36"
Conta E,2022-11-02,"0,00","24.707,82","-24.707,82","-140.009,18"
Conta E,2022-11-03,"56.380,20","23.007,63","33.372,57","-106.636,61"
Conta E,2022-11-04,"30.251,74","21.100,43","9.151,31","-97.485,30"
Conta E,2022-11-05,"39.312,14","4.844,64","34.467,50","-63.017,80"
Conta E,2022-11-06,"26.356,36","16.766,82","9.589,54","-53.428,26"
Conta E,2022-11-07,"0,00","70.952,63","-70.952,63","-124.380,89"
Conta E,2022-11-08,"26.361,05","60.411,51","-34.050,46","-158.431,35"
Conta E,2022-11-09,"56.614,42","60.862,28","-4.247,86","-162.679,21"
Conta E,2022-11-10,"16.828,31","17.602,42","-774,11","-163.453,32"
Conta E,2022-11-11,"8.143,69","62.514,58","-54.370,89","-217.824,21"
Conta E,2022-11-12,"18.633,07","28.857,61","-10.224,54","-228.048,75"
Conta E,2022-11-13,"10.453,00","40.584,26","-30.131,26","-258.180,01"
Conta E,2022-11-14,"25.416,38","39.681,40","-14.265,02","-272.445,03"
Conta E,2022-11-15,"18.181,76","35.033,04","-16.851,28","-289.296,31"
Conta E,2022-11-16,"18.025,77","0,00","18.025,77","-271.270,54"
Conta E,2022-11-17,"10.695,26","15.846,05","-5.150,79","-276.421,33"
Conta E,2022-11-18,"0,00","37.497,85","-37.497,85","-313.919,18"
Conta E,2022-11-19,"32.984,27","41.894,47","-8.910,20","-322.829,38"
Conta E,2022-11-20,"43.285,27","27.620,27","15.665,00","-307.164,38"
Conta E,2022-11-21,"48.267,63","18.447,01","29.820,62","-277.343,76"
Conta E,2022-11-22,"8.721,19","50.307,27","-41.586,08","-318.929,84"
Conta E,2022-11-23,"5.664,62","19.540,71","-13.876,09","-332.805,93"
Conta E,2022-11-24,"42.565,83","26.267,00","16.298,83","-316.507,10"
Conta E,2022-11-25,"19.653,24","19.093,95","559,29","-315.947,81"
Conta E,2022-11-26,"20.691,44","27.428,86","-6.737,42","-322.685,23"
Conta E,2022-11-27,"76.774,49","14.798,80","61.975,69","-260.709,54"
Conta E,2022-11-28,"29.121,51","14.031,86","15.089,65","-245.619,89"
Conta E,2022-11-29,"12.938,86","30.747,44","-17.808,58","-263.428,47"
Conta E,2022-11-30,"46.098,26","41.740,21","4.358,05","-259.070,42"
Conta E,2022-12-01,"18.599,37","33.020,80","-14.421,43","-273.491,85"
Conta E,2022-12-02,"13.576,11","41.494,70","-27.918,59","-301.410,44"
Conta E,2022-12-03,"13.237,78","24.389,25","-11.151,47","-312.561,91"
Conta E,2022-12-04,"43.237,80","19.667,43","23.570,37","-288.991,54"
Conta E,2022-12-05,"35.730,91","33.213,64","2.517,27","-286.474,27"
Conta E,2022-12-06,"61.070,14","2.393,71","58.676,43","-227.797,84"
Conta E,2022-12-07,"23.897,60","13.562,77","10.334,83","-217.463,01"
Conta E,2022-12-08,"71.728,08","18.688,56","53.039,52","-164.423,49"
Conta E,2022-12-09,"18.258,47","73.633,52","-55.375,05","-219.798,54"
Conta E,2022-12-10,"9.366,68","9.512,86","-146,18","-219.944,72"
Conta E,2022-12-11,"63.612,99","33.961,32","29.651,67","-190.293,05"
Conta E,2022-12-12,"0,00","6.492,71","-6.492,71","-196.785,76"
Conta E,2022-12-13,"28.851,41","11.735,08","17.116,33","-179.669,43"
Conta E,2022-12-14,"15.000,12","43.228,89","-28.228,77","-207.898,20"
Conta E,2022-12-15,"31.759,50","21.916,55","9.842,95","-198.055,25"
Conta E,2022-12-16,"26.252,57","16.943,17","9.309,40","-188.745,85"
Conta E,2022-12-17,"19.122,34","24.172,97","-5.050,63","-193.796,48"
Conta E,2022-12-18,"52.323,34","50.412,44","1.910,90","-191.885,58"
Conta E,2022-12-19,"16.934,76","30.118,55","-13.183,79","-205.069,37"
Conta E,2022-12-20,"11.835,52","49.423,56","-37.588,04","-242.657,41"
Conta E,2022-12-21,"33.750,83","12.089,43","21.661,40","-220.996,01"
Conta E,2022-12-22,"64.816,25","26.771,34","38.044,91","-182.951,10"
Conta E,2022-12-23,"37.355,57","57.072,42","-19.716,85","-202.667,95"
Conta E,2022-12-24,"5.221,49","7.215,66","-1.994,17","-204.662,12"
Conta E,2022-12-25,"51.699,62","45.851,16","5.848,46","-198.813,66"
Conta E,2022-12-26,"17.187,04","31.598,12","-14.411,08","-213.224,74"
Conta E,2022-12-27,"52.047,98","5.938,43","46.109,55","-167.115,19"
Conta E,2022-12-28,"53.894,88","15.207,73","38.687,15","-128.428,04"
Conta E,2022-12-29,"21.606,19","28.581,19","-6.975,00","-135.403,04"
Conta E,2022-12-30,"13.967,78","19.937,56","-5.969,78","-141.372,82"
Conta E,2022-12-31,"34.734,02","51.308,05","-16.574,03","-157.946,85"
Conta F,2022-07-01,"7.286,76","17.756,23","-10.469,47","-10.469,47"
Conta F,2022-07-02,"22.647,10","15.625,79","7.021,31","-3.445,55"
Conta F,2022-07-03,"47.504,91","8.487,22","39.017,69","35.578,49"
Conta F,2022-07-04,"13.193,89","37.208,38","-24.014,49","11.572,04"
Conta F,2022-07-05,"52.743,95","24.957,32","27.786,63","39.391,61"
Conta F,2022-07-06,"27.006,14","49.421,46","-22.415,32","17.014,66"
Conta F,2022-07-07,"12.822,76","34.730,33","-21.907,57","-4.875,54"
Conta F,2022-07-08,"43.869,29","52.579,82","-8.710,53","-13.569,80"
Conta F,2022-07-09,"26.601,38","20.231,24","6.370,14","-7.199,66"
Conta F,2022-07-10,"4.091,39","37.955,36","-33.863,97","-41.063,63"
Conta F,2022-07-11,"39.577,61","9.855,76","29.721,85","-11.341,78"
Conta F,2022-07-12,"26.239,92","12.518,15","13.721,77","2.379,99"
Conta F,2022-07-13,"24.737,17","35.640,16","-10.902,99","-8.517,67"
Conta F,2022-07-14,"14.717,60","29.963,64","-15.246,04","-23.763,71"
Conta F,2022-07-15,"41.549,54","19.844,92","21.704,62","-2.059,09"
Conta F,2022-07-16,"4.500,07","28.252,82","-23.752,75","-25.811,84"
Conta F,2022-07-17,"22.241,49","22.465,40","-223,91","-26.035,75"
Conta F,2022-07-18,"45.219,08","38.174,95","7.044,13","-18.991,62"
Conta F,2022-07-19,"19.776,73","29.844,21","-10.067,48","-29.059,10"
Conta F,2022-07-20,"15.129,99","37.917,17","-22.787,18","-51.846,28"
Conta F,2022-07-21,"0,00","22.249,18","-22.249,18","-74.095,46"
Conta F,2022-07-22,"10.105,18","0,00","10.105,18","-63.990,28"
Conta F,2022-07-23,"50.451,80","18.138,35","32.313,45","-31.676,83"
Conta F,2022-07-24,"50.921,41","15.115,97","35.805,44","4.128,61"
Conta F,2022-07-25,"60.546,09","23.188,70","37.357,39","41.493,26"
Conta F,2022-07-26,"12.334,58","36.468,48","-24.133,90","17.377,20"
Conta F,2022-07-27,"8.309,70","39.454,57","-31.144,87","-13.759,61"
Conta F,2022-07-28,"30.894,95","14.370,25","16.524,70","2.765,09"
Conta F,2022-07-29,"7.970,10","42.728,83","-34.758,73","-31.993,23"
Conta F,2022-07-30,"58.903,22","12.540,88","46.362,34","14.369,79"
Conta F,2022-07-31,"59.535,33","2.788,53","56.746,80","71.152,19"
Conta F,2022-08-01,"14.643,58","61.094,62","-46.451,04","24.766,01"
Conta F,2022-08-02,"12.075,06","5.164,03","6.911,03","31.686,98"
Conta F,2022-08-03,"58.891,15","37.523,02","21.368,13","53.103,75"
Conta F,2022-08-04,"57.476,19","935,35","56.540,84","109.743,92"
Conta F,2022-08-05,"11.883,56","44.397,07","-32.513,51","77.350,59"
Conta F,2022-08-06,"37.526,25","40.476,71","-2.950,46","74.469,50"
Conta F,2022-08-07,"45.204,36","23.416,98","21.787,38","96.330,02"
Conta F,2022-08-08,"34.942,29","28.012,36","6.929,93","103.329,20"
Conta F,2022-08-09,"35.020,82","41.188,22","-6.167,40","97.243,98"
Conta F,2022-08-10,"54.968,17","9.464,13","45.504,04","142.859,54"
Conta F,2022-08-11,"16.287,72","24.352,67","-8.064,95","134.861,43"
Conta F,2022-08-12,"21.736,94","35.006,85","-13.269,91","121.678,87"
Conta F,2022-08-13,"29.151,79","29.342,09","-190,30","121.596,08"
Conta F,2022-08-14,"17.282,54","19.080,81","-1.798,27","119.857,31"
Conta F,2022-08-15,"53.283,66","39.775,84","13.507,82","133.533,32"
Conta F,2022-08-16,"53.635,13","18.369,98","35.265,15","168.989,05"
Conta F,2022-08-17,"31.926,70","17.731,25","14.195,45","183.314,00"
Conta F,2022-08-18,"10.149,27","0,00","10.149,27","193.490,76"
Conta F,2022-08-19,"12.341,18","7.460,99","4.880,19","198.455,90"
Conta F,2022-08-20,"0,00","35.292,96","-35.292,96","163.273,49"
Conta F,2022-08-21,"19.697,17","10.106,72","9.590,45","172.911,41"
Conta F,2022-08-22,"31.775,41","29.574,63","2.200,78","175.323,95"
Conta F,2022-08-23,"19.948,78","11.502,84","8.445,94","183.873,66"
Conta F,2022-08-24,"19.548,33","27.282,52","-7.734,19","176.246,33"
Conta F,2022-08-25,"27.199,02","0,00","27.199,02","203.529,88"
Conta F,2022-08-26,"17.487,94","67.970,56","-50.482,62","153.173,41"
Conta F,2022-08-27,"59.214,49","6.807,63","52.406,86","205.768,92"
Conta F,2022-08-28,"29.506,10","5.579,38","23.926,72","229.821,78"
Conta F,2022-08-29,"32.030,01","30.997,96","1.032,05","231.078,63"
Conta F,2022-08-30,"31.110,31","13.888,94","17.221,37","248.482,87"
Conta F,2022-08-31,"24.919,16","1.492,31","23.426,85","272.022,53"
Conta F,2022-09-01,"10.350,09","38.920,06","-28.569,97","243.647,41"
Conta F,2022-09-02,"22.970,21","6.424,28","16.545,93","260.348,46"
Conta F,2022-09-03,"33.696,17","58.807,57","-25.111,40","235.505,75"
Conta F,2022-09-04,"52.911,20","42.933,75","9.977,45","245.842,83"
Conta F,2022-09-05,"4.118,56","60.233,86","-56.115,30","189.952,15"
Conta F,2022-09-06,"348,14","0,00","348,14","190.328,78"
Conta F,2022-09-07,"37.673,10","5.871,47","31.801,63","222.307,88"
Conta F,2022-09-08,"17.733,11","35.508,77","-17.775,66","204.661,73"
Conta F,2022-09-09,"18.582,73","0,00","18.582,73","223.340,95"
Conta F,2022-09-10,"4.598,43","27.434,32","-22.835,89","200.605,51"
Conta F,2022-09-11,"23.141,48","49.785,40","-26.643,92","174.140,03"
Conta F,2022-09-12,"25.964,95","23.624,83","2.340,12","176.622,99"
Conta F,2022-09-13,"23.921,99","30.414,20","-6.492,21","170.253,24"
Conta F,2022-09-14,"43.962,22","33.546,62","10.415,60","180.904,91"
Conta F,2022-09-15,"25.449,13","40.391,97","-14.942,84","166.111,58"
Conta F,2022-09-16,"17.806,26","0,00","17.806,26","183.994,61"
Conta F,2022-09-17,"53.414,22","17.527,88","35.886,34","220.040,62"
Conta F,2022-09-18,"57.937,29","38.098,23","19.839,06","240.174,54"
Conta F,2022-09-19,"37.023,36","2.120,91","34.902,45","275.223,70"
Conta F,2022-09-20,"15.368,37","12.529,81","2.838,56","278.190,38"
Conta F,2022-09-21,"0,00","53.095,72","-53.095,72","225.252,17"
Conta F,2022-09-22,"32.243,06","4.218,47","28.024,59","253.382,12"
Conta F,2022-09-23,"14.020,70","4.334,73","9.685,97","263.185,13"
Conta F,2022-09-24,"24.726,13","28.918,69","-4.192,56","259.233,30"
Conta F,2022-09-25,"20.845,25","38.840,45","-17.995,20","241.463,01"
Conta F,2022-09-26,"4.252,37","47.591,45","-43.339,08","198.294,42"
Conta F,2022-09-27,"57.061,82","32.335,57","24.726,25","223.275,91"
Conta F,2022-09-28,"38.256,23","1.374,37","36.881,86","260.333,00"
Conta F,2022-09-29,"0,00","42.329,26","-42.329,26","218.115,29"
Conta F,2022-09-30,"25.685,15","52.339,65","-26.654,50","191.673,16"
Conta F,2022-10-01,"32.955,68","62.789,53","-29.833,85","162.081,05"
Conta F,2022-10-02,"57.550,33","17.838,23","39.712,10","201.938,75"
Conta F,2022-10-03,"20.609,45","5.948,19","14.661,26","216.727,90"
Conta F,2022-10-04,"0,00","46.954,20","-46.954,20","169.949,20"
Conta F,2022-10-05,"1.534,38","31.954,88","-30.420,50","139.667,47"
Conta F,2022-10-06,"35.870,78","360,93","35.509,85","175.296,14"
Conta F,2022-10-07,"19.757,18","55.974,28","-36.217,10","139.250,61"
Conta F,2022-10-08,"47.221,66","20.778,41","26.443,25","165.854,10"
Conta F,2022-10-09,"19.221,75","42.183,00","-22.961,25","143.074,25"
Conta F,2022-10-10,"23.980,29","10.273,77","13.706,52","156.894,56"
Conta F,2022-10-11,"18.008,03","48.542,82","-30.534,79","126.470,49"
Conta F,2022-10-12,"26.127,18","18.204,04","7.923,14","134.453,33"
Conta F,2022-10-13,"17.370,86","75.015,06","-57.644,20","76.933,54"
Conta F,2022-10-14,"39.220,83","16.048,82","23.172,01","100.161,31"
Conta F,2022-10-15,"38.309,09","6.054,76","32.254,33","132.521,81"
Conta F,2022-10-16,"38.888,93","8.748,53","30.140,40","162.774,33"
Conta F,2022-10-17,"34.497,47","34.220,64","276,83","163.197,55"
Conta F,2022-10-18,"32.043,85","42.237,01","-10.193,16","153.195,33"
Conta F,2022-10-19,"10.552,51","0,00","10.552,51","163.770,82"
Conta F,2022-10-20,"16.430,23","27.950,14","-11.519,91","152.326,72"
Conta F,2022-10-21,"84.341,12","47.744,28","36.596,84","189.195,33"
Conta F,2022-10-22,"10.162,84","20.630,85","-10.468,01","178.813,74"
Conta F,2022-10-23,"5.552,34","15.653,20","-10.100,86","168.767,36"
Conta F,2022-10-24,"48.215,50","48.701,88","-486,38","168.506,29"
Conta F,2022-10-25,"24.911,56","19.923,14","4.988,42","173.588,28"
Conta F,2022-10-26,"8.868,75","1.636,27","7.232,48","180.874,17"
Conta F,2022-10-27,"24.844,85","10.246,41","14.598,44","195.557,58"
Conta F,2022-10-28,"29.781,27","25.192,38","4.588,89","200.321,67"
Conta F,2022-10-29,"23.359,87","83.993,78","-60.633,91","139.904,63"
Conta F,2022-10-30,"35.103,19","7.740,88","27.362,31","167.355,80"
Conta F,2022-10-31,"0,00","9.862,72","-9.862,72","157.518,19"
Conta F,2022-11-01,"50.067,36","13.783,99","36.283,37","193.933,88"
Conta F,2022-11-02,"10.888,99","32.283,27","-21.394,28","172.702,51"
Conta F,2022-11-03,"72.404,78","53.942,25","18.462,53","191.498,06"
Conta F,2022-11-04,"91.696,12","17.172,77","74.523,35","266.358,09"
Conta F,2022-11-05,"30.630,24","36.328,46","-5.698,22","260.851,34"
Conta F,2022-11-06,"42.231,17","6.345,65","35.885,52","296.897,46"
Conta F,2022-11-07,"44.895,18","17.719,25","27.175,93","324.299,78"
Conta F,2022-11-08,"34.123,37","57.182,76","-23.059,39","301.504,54"
Conta F,2022-11-09,"3.938,21","24.075,05","-20.136,84","281.541,32"
Conta F,2022-11-10,"5.315,76","61.745,68","-56.429,92","225.388,76"
Conta F,2022-11-11,"37.488,06","0,00","37.488,06","263.018,65"
Conta F,2022-11-12,"48.285,54","34.596,44","13.689,10","276.976,18"
Conta F,2022-11-13,"26.634,04","41.253,89","-14.619,85","262.683,17"
Conta F,2022-11-14,"32.355,21","28.003,79","4.351,42","267.372,52"
Conta F,2022-11-15,"23.295,55","63.847,93","-40.552,38","227.100,95"
Conta F,2022-11-16,"38.795,06","32.840,70","5.954,36","233.409,09"
Conta F,2022-11-17,"6.915,20","17.658,74","-10.743,54","222.873,18"
Conta F,2022-11-18,"16.031,01","0,00","16.031,01","238.972,56"
Conta F,2022-11-19,"54.790,35","2.749,18","52.041,17","291.214,47"
Conta F,2022-11-20,"2.021,70","39.794,44","-37.772,74","253.689,10"
Conta F,2022-11-21,"26.453,96","33.785,93","-7.331,97","246.585,93"
Conta F,2022-11-22,"6.161,04","18.922,60","-12.761,56","233.899,28"
Conta F,2022-11-23,"0,00","13.104,44","-13.104,44","220.864,16"
Conta F,2022-11-24,"54.635,21","29.701,03","24.934,18","246.004,03"
Conta F,2022-11-25,"0,00","6.908,90","-6.908,90","239.204,91"
Conta F,2022-11-26,"38.421,51","17.630,89","20.790,62","260.258,24"
Conta F,2022-11-27,"36.236,87","40.639,59","-4.402,72","256.185,79"
Conta F,2022-11-28,"33.886,40","51.418,79","-17.532,39","238.984,72"
Conta F,2022-11-29,"29.165,47","0,00","29.165,47","268.224,15"
Conta F,2022-11-30,"22.216,66","10.240,38","11.976,28","280.364,41"
Conta F,2022-12-01,"58.550,54","33.784,77","24.765,77","305.474,90"
Conta F,2022-12-02,"34.969,96","20.013,21","14.956,75","320.657,19"
Conta F,2022-12-03,"18.334,63","8.991,95","9.342,68","330.197,01"
Conta F,2022-12-04,"17.935,89","17.558,91","376,98","330.877,38"
Conta F,2022-12-05,"33.248,34","74.789,82","-41.541,48","289.735,59"
Conta F,2022-12-06,"20.661,54","26.251,41","-5.589,87","284.358,51"
Conta F,2022-12-07,"74.172,35","0,00","74.172,35","358.810,93"
Conta F,2022-12-08,"36.944,51","43.568,70","-6.624,19","352.669,68"
Conta F,2022-12-09,"16.901,71","39.773,42","-22.871,71","329.999,22"
Conta F,2022-12-10,"14.785,06","45.568,99","-30.783,93","299.445,81"
Conta F,2022-12-11,"32.894,50","101.593,06","-68.698,56","231.114,10"
Conta F,2022-12-12,"12.985,26","34.571,25","-21.585,99","209.693,37"
Conta F,2022-12-13,"14.103,81","11.227,43","2.876,38","212.667,35"
Conta F,2022-12-14,"23.840,55","29.014,07","-5.173,52","207.754,56"
Conta F,2022-12-15,"31.573,92","0,00","31.573,92","239.427,69"
Conta F,2022-12-16,"17.035,75","24.414,99","-7.379,24","232.151,69"
Conta F,2022-12-17,"13.462,86","14.322,05","-859,19","231.471,16"
Conta F,2022-12-18,"18.469,58","38.302,92","-19.833,34","211.844,82"
Conta F,2022-12-19,"59.112,33","76.916,37","-17.804,04","194.388,18"
Conta F,2022-12-20,"34.624,36","43.024,55","-8.400,19","186.152,22"
Conta F,2022-12-21,"51.346,70","4.268,19","47.078,51","233.483,13"
Conta F,2022-12-22,"13.377,88","17.545,34","-4.167,46","229.383,08"
Conta F,2022-12-23,"3.502,74","32.504,24","-29.001,50","200.517,61"
Conta F,2022-12-24,"133,27","40.014,62","-39.881,35","160.800,47"
Conta F,2022-12-25,"21.791,50","21.339,66","451,84","161.374,20"
Conta F,2022-12-26,"7.310,85","24.702,26","-17.391,41","144.050,59"
Conta F,2022-12-27,"12.914,35","21.999,72","-9.085,37","135.024,28"
Conta F,2022-12-28,"16.694,56","55.890,14","-39.195,58","95.955,12"
Conta F,2022-12-29,"29.221,01","15.206,26","14.014,75","110.040,87"
Conta F,2022-12-30,"15.767,01","18.887,75","-3.120,74","106.987,44"
Conta F,2022-12-31,"24.907,52","3.022,73","21.884,79","128.942,60"
